fid,id,left,top,right,bottom,row_index,col_index,Building_Part_Area_m2_count,Building_Part_Area_m2_unique,Building_Part_Area_m2_min,Building_Part_Area_m2_max,Building_Part_Area_m2_range,Building_Part_Area_m2_sum,Building_Part_Area_m2_mean,Building_Part_Area_m2_median,Building_Part_Area_m2_stddev,Building_Part_Area_m2_minority,Building_Part_Area_m2_majority,Building_Part_Area_m2_q1,Building_Part_Area_m2_q3,Building_Part_Area_m2_iqr,Building_Density_pct,Estimated_Population,Road_Density_km_km2,Road_Width_m_mean,Junction_Count,Commercial_POI_Count
1,1,417140.9667,1442831.595,417240.9667,1442731.595,0,0,4,4,30.35,317.48,287.13,585.31,146.3275,118.74,108.6843,30.35,30.35,55.235,237.42,182.185,18.53,78.37,2.63578044879583,14.65,0,0
2,2,417140.9667,1442731.595,417240.9667,1442631.595,1,0,11,11,0.07,321.82,321.75,1282.54,116.594545,65.15,118.681773,0.07,0.07,16.79,195.125,178.335,31.41,132.85,45.8403817440795,6.6,0,0
3,3,417140.9667,1442631.595,417240.9667,1442531.595,2,0,20,20,0.07,340.95,340.88,2783.18,139.159,143.32,93.917992,0.07,0.07,47.185,213.35,166.165,39,164.95,35.9224535291224,6.494,0,0
4,4,417140.9667,1442531.595,417240.9667,1442431.595,3,0,7,7,25.18,227.81,202.63,879.02,125.574286,158.43,72.564295,25.18,25.18,60.81,172.99,112.18,12.77,54.01,0,,0,0
5,22,417240.9667,1442831.595,417340.9667,1442731.595,0,1,16,16,1.08,269.91,268.83,1896.12,118.5075,114.02,92.972799,1.08,1.08,33.065,202.715,169.65,21.82,92.29,0,,0,0
6,23,417240.9667,1442731.595,417340.9667,1442631.595,1,1,40,40,0.78,396.17,395.39,6070.08,151.752,142.23,111.3644,0.78,0.78,39.85,214.205,174.355,60.66,256.56,40.5157642321934,6.645,0,0
7,24,417240.9667,1442631.595,417340.9667,1442531.595,2,1,36,36,0.01,360.7,360.69,4534.65,125.9625,118.84,91.582176,0.01,0.01,51.42,191.825,140.405,45.32,191.68,67.6534365388003,6.56,2,0
8,25,417240.9667,1442531.595,417340.9667,1442431.595,3,1,14,14,0.11,289.91,289.8,1865.51,133.250714,138.165,77.248454,0.11,0.11,89.92,165.96,76.04,19.68,83.24,42.743538651847,6.422,2,1
9,26,417240.9667,1442431.595,417340.9667,1442331.595,4,1,0,0,,,,,,,,,,,,,,0,0,,0,0
10,39,417240.9667,1441131.595,417340.9667,1441031.595,17,1,0,0,,,,,,,,,,,,,,0,424.947122644165,19.283333,4,0
11,43,417340.9667,1442831.595,417440.9667,1442731.595,0,2,13,13,2.77,539.74,536.97,2237.54,172.118462,91.68,171.287821,2.77,2.77,43.58,209.94,166.36,32.77,138.6,16.1547798129984,14.65,0,0
12,44,417340.9667,1442731.595,417440.9667,1442631.595,1,2,40,40,0.14,539.74,539.6,5587.9,139.6975,105.235,137.407796,0.14,0.14,31.46,189.425,157.965,55.84,236.18,37.7644580882944,6.614,1,0
13,45,417340.9667,1442631.595,417440.9667,1442531.595,2,2,46,46,0.01,419.21,419.2,6268.85,136.279348,105.84,116.009746,0.01,0.01,35.2,209.95,174.75,62.65,264.98,30.8513139758559,6.71,0,0
14,46,417340.9667,1442531.595,417440.9667,1442431.595,3,2,18,18,37.61,365.1,327.49,3324.17,184.676111,187.09,81.290355,37.61,37.61,129.78,253.34,123.56,33.22,140.5,42.1409095277242,6.63,1,0
15,47,417340.9667,1442431.595,417440.9667,1442331.595,4,2,0,0,,,,,,,,,,,,,,0,64.7206682386664,7.09,0,0
16,59,417340.9667,1441231.595,417440.9667,1441131.595,16,2,0,0,,,,,,,,,,,,,,0,2906.04504091797,11.302,0,0
17,60,417340.9667,1441131.595,417440.9667,1441031.595,17,2,10,10,0.24,4359.44,4359.2,6712.28,671.228,192.935,1246.383813,0.24,0.24,148.51,542.12,393.61,84.62,357.9,60.2315008323972,19.67,2,0
18,61,417340.9667,1441031.595,417440.9667,1440931.595,18,2,13,13,0.24,537.24,537,2582.18,198.629231,163.12,196.814215,0.24,0.24,40.59,222.75,182.16,39.03,165.08,82.9866317950498,16.1125,4,0
19,62,417340.9667,1440931.595,417440.9667,1440831.595,19,2,4,4,2.04,537.24,535.2,583.89,145.9725,22.305,226.419304,2.04,2.04,3.03,288.915,285.885,57.19,241.89,307.243274337214,18.042,0,0
20,64,417440.9667,1442831.595,417540.9667,1442731.595,0,3,15,15,0.05,300.83,300.78,1441.72,96.114667,81.5,80.469052,0.05,0.05,56.74,96.29,39.55,29.97,126.76,54.1756048430035,9.982,1,0
21,65,417440.9667,1442731.595,417540.9667,1442631.595,1,3,37,37,0.05,398.02,397.97,5185.7,140.154054,144.2,101.598936,0.05,0.05,49.23,210.71,161.48,51.82,219.17,51.8756251142714,6.79,2,0
22,66,417440.9667,1442631.595,417540.9667,1442531.595,2,3,44,44,0.23,835.66,835.43,6898.01,156.772955,144.04,145.806911,0.23,0.23,56.605,201.995,145.39,68.94,291.58,46.4563464979557,6.9,1,0
23,67,417440.9667,1442531.595,417540.9667,1442431.595,3,3,33,33,1.04,352.23,351.19,4783.95,144.968182,137.26,86.797831,1.04,1.04,69.57,221.33,151.76,47.81,202.21,43.6250257272771,6.63,0,0
24,68,417440.9667,1442431.595,417540.9667,1442331.595,4,3,5,5,0.03,249.27,249.24,461.85,92.37,63.14,95.368598,0.03,0.03,1.04,148.37,147.33,11.04,46.69,3.84655592854205,11.32,0,1
25,78,417440.9667,1441431.595,417540.9667,1441331.595,14,3,0,0,,,,,,,,,,,,,,0,1500.5048214399,11.942,0,0
26,79,417440.9667,1441331.595,417540.9667,1441231.595,15,3,4,4,1.61,429.04,427.43,590.86,147.715,80.105,174.336178,1.61,1.61,2.225,293.205,290.98,48.12,203.52,330.915648052974,11.108333,2,0
27,80,417440.9667,1441231.595,417540.9667,1441131.595,16,3,8,8,1.61,4359.44,4357.83,5930.4,741.3,223.93,1379.903894,1.61,1.61,65.685,495.06,429.375,116.47,492.61,94.5132053021309,12.178571,4,0
28,81,417440.9667,1441131.595,417540.9667,1441031.595,17,3,8,8,0.24,4359.44,4359.2,8018.28,1002.285,370.62,1405.884883,0.24,0.24,158.265,1300.415,1142.15,80.13,338.91,0,,0,0
29,82,417440.9667,1441031.595,417540.9667,1440931.595,18,3,29,29,0.24,537.24,537,5219.31,179.976207,160.44,134.634167,0.24,0.24,82.21,241.29,159.08,52.16,220.61,32.3083110348923,7.1425,1,0
30,83,417440.9667,1440931.595,417540.9667,1440831.595,19,3,20,20,2.04,2395.54,2393.5,5481.02,274.051,117.685,507.941091,2.04,2.04,52.27,301.35,249.08,58.19,246.12,62.32813682695,17.822857,5,0
31,84,417440.9667,1440831.595,417540.9667,1440731.595,20,3,4,4,15.4,102.37,86.97,247.6,61.9,64.915,39.788081,15.4,15.4,22.43,101.37,78.94,17.74,75.03,148.058086316325,23.346667,0,0
32,85,417540.9667,1442831.595,417640.9667,1442731.595,0,4,10,10,0.05,377.64,377.59,1291.82,129.182,84.94,125.193543,0.05,0.05,22.81,246.66,223.85,48.02,203.1,91.0570784160837,15.19,0,0
33,86,417540.9667,1442731.595,417640.9667,1442631.595,1,4,37,37,0.05,934.3,934.25,6554.76,177.155676,138.53,180.124287,0.05,0.05,67.8,246.66,178.86,65.51,277.08,72.2192972506444,11.505556,3,1
34,87,417540.9667,1442631.595,417640.9667,1442531.595,2,4,33,33,4.71,934.3,929.59,6170.99,186.999697,88.32,217.769177,4.71,4.71,54.22,259.82,205.6,61.67,260.83,89.3115642687052,10.115,1,1
35,88,417540.9667,1442531.595,417640.9667,1442431.595,3,4,39,39,0.25,778.34,778.09,6311.64,161.836923,110.22,173.706566,0.25,0.25,32.475,234.805,202.33,63.08,266.8,91.4400293850772,10.438571,2,0
36,89,417540.9667,1442431.595,417640.9667,1442331.595,4,4,37,37,1.04,412.4,411.36,4516.47,122.066757,99.76,98.240038,1.04,1.04,43.68,173.63,129.95,45.97,194.43,88.1364383650425,10.234444,3,1
37,90,417540.9667,1442331.595,417640.9667,1442231.595,5,4,12,12,13.29,412.4,399.11,1971.69,164.3075,99.745,133.320698,13.29,13.29,63.33,252.91,189.58,43.71,184.87,194.505226319136,15.101429,0,1
38,91,417540.9667,1442231.595,417640.9667,1442131.595,6,4,0,0,,,,,,,,,,,,,,0,0,,0,0
39,96,417540.9667,1441731.595,417640.9667,1441631.595,11,4,17,17,8.72,309.99,301.27,2209.51,129.971176,107.24,94.059807,8.72,8.72,32.39,170.48,138.09,41.51,175.57,53.7811569902844,10.74,1,3
40,97,417540.9667,1441631.595,417640.9667,1441531.595,12,4,26,26,1.08,670.21,669.13,4150.75,159.644231,112.115,142.579604,1.08,1.08,49.81,257.1,207.29,55.62,235.25,55.5520160120226,11.08,2,1
41,98,417540.9667,1441531.595,417640.9667,1441431.595,13,4,23,23,12.77,670.21,657.44,4209.01,183.000435,140.71,182.128337,12.77,12.77,54.055,249.875,195.82,48.23,203.99,56.0848792528393,11.085,2,0
42,99,417540.9667,1441431.595,417640.9667,1441331.595,14,4,33,33,12.53,518.27,505.74,4883.96,147.998788,124.57,128.5256,12.53,12.53,51.72,172.1,120.38,49.63,209.91,41.571176557269,9.4375,3,0
43,100,417540.9667,1441331.595,417640.9667,1441231.595,15,4,29,29,1.61,506.25,504.64,5477.16,188.867586,157.29,154.026432,1.61,1.61,54.24,291.75,237.51,54.74,231.52,20.7651285480027,5.7,0,0
44,101,417540.9667,1441231.595,417640.9667,1441131.595,16,4,27,27,1.61,2039.75,2038.14,7202.4,266.755556,144.37,378.968588,1.61,1.61,70.93,380.96,310.03,71.98,304.44,27.5249235729344,14.37,1,0
45,102,417540.9667,1441131.595,417640.9667,1441031.595,17,4,25,25,3.29,4359.44,4356.15,10712.66,428.5064,188.46,894.854503,3.29,3.29,36.55,350.19,313.64,107.06,452.81,0,,0,0
46,103,417540.9667,1441031.595,417640.9667,1440931.595,18,4,37,37,1.3,663.79,662.49,5693.94,153.89027,107.83,140.372983,1.3,1.3,56.74,204.16,147.42,56.9,240.66,29.5358912815988,7.65,0,0
47,104,417540.9667,1440931.595,417640.9667,1440831.595,19,4,19,19,1.3,1944.23,1942.93,6631.83,349.043684,102.37,557.006467,1.3,1.3,52.22,363.985,311.765,67.25,284.43,46.0366098758571,10.098,3,0
48,105,417540.9667,1440831.595,417640.9667,1440731.595,20,4,6,6,15.4,1944.23,1928.83,2239.53,373.255,74.035,703.331195,15.4,15.4,29.46,102.37,72.91,613.8,2596.08,0,,0,0
49,106,417640.9667,1442831.595,417740.9667,1442731.595,0,5,10,10,6.2,1619.92,1613.72,2452.26,245.226,89.4,463.038615,6.2,6.2,22.81,175.4,152.59,78.74,333.03,0,,0,0
50,107,417640.9667,1442731.595,417740.9667,1442631.595,1,5,37,36,0.46,1619.92,1619.46,5335.79,144.210541,79.64,263.833851,0.46,22.81,22.81,175.4,152.59,53.32,225.52,7.34751632195686,15.19,0,0
51,108,417640.9667,1442631.595,417740.9667,1442531.595,2,5,40,40,0.46,1107.65,1107.19,6975.08,174.377,85.56,231.024967,0.46,0.46,37.035,206.725,169.69,69.71,294.84,20.5003397017032,7.31,0,0
52,109,417640.9667,1442531.595,417740.9667,1442431.595,3,5,42,42,0,1107.65,1107.65,7684.35,182.960714,119.18,198.617867,0,0,53.33,239.86,186.53,76.79,324.78,25.9856864949096,7.58,0,0
53,110,417640.9667,1442431.595,417740.9667,1442331.595,4,5,50,50,0.36,526.86,526.5,7023.35,140.467,94.875,120.67611,0.36,0.36,47.76,224.09,176.33,70.19,296.87,22.8797277948819,6.84,0,0
54,111,417640.9667,1442331.595,417740.9667,1442231.595,5,5,33,33,0.36,1021.66,1021.3,6980.21,211.521515,122.86,218.908936,0.36,0.36,82.98,230.13,147.15,69.76,295.05,59.8421720405341,20.044,0,3
55,112,417640.9667,1442231.595,417740.9667,1442131.595,6,5,9,9,29.06,664.84,635.78,1910.7,212.3,110.8,235.347911,29.06,29.06,42.35,198.58,156.23,27.04,114.37,0,,0,0
56,113,417640.9667,1442131.595,417740.9667,1442031.595,7,5,2,2,29.06,93.23,64.17,122.29,61.145,61.145,32.085,29.06,29.06,29.06,93.23,64.17,16.35,69.15,184.582187451925,14.66,0,0
57,117,417640.9667,1441731.595,417740.9667,1441631.595,11,5,28,28,0.18,348.71,348.53,3483.32,124.404286,138.015,89.386226,0.18,0.18,30.105,197.3,167.195,47.54,201.07,39.5278347440346,5.715,1,3
58,118,417640.9667,1441631.595,417740.9667,1441531.595,12,5,42,42,0.18,389.54,389.36,5677.92,135.188571,118.12,109.447384,0.18,0.18,31.57,209.99,178.42,56.74,239.98,53.6371020114205,5.45,2,0
59,119,417640.9667,1441531.595,417740.9667,1441431.595,13,5,39,39,1.05,863.76,862.71,5489.31,140.751538,98.02,149.574661,1.05,1.05,48.925,200.415,151.49,54.86,232.03,48.5816807122977,6.065,0,0
60,120,417640.9667,1441431.595,417740.9667,1441331.595,14,5,49,49,0.17,639.58,639.41,7410.04,151.225306,138.48,126.569189,0.17,0.17,56.74,202.81,146.07,74.05,313.2,29.696678103846,5.27,0,0
61,121,417640.9667,1441331.595,417740.9667,1441231.595,15,5,37,37,2.93,509.2,506.27,7268.15,196.436486,188.88,126.146468,2.93,2.93,114.81,263.2,148.39,72.64,307.23,30.2266604915386,5.7,0,0
62,122,417640.9667,1441231.595,417740.9667,1441131.595,16,5,33,33,0.59,1083.92,1083.33,7489.87,226.965758,133.2,246.872353,0.59,0.59,39.83,323.11,283.28,74.85,316.58,22.5946492647803,14.37,0,0
63,123,417640.9667,1441131.595,417740.9667,1441031.595,17,5,24,24,0.59,753.61,753.02,5488.91,228.704583,148.625,232.535127,0.59,0.59,34.92,365.97,331.05,54.85,231.99,0,,0,0
64,124,417640.9667,1441031.595,417740.9667,1440931.595,18,5,32,32,0.17,693.71,693.54,4641.14,145.035625,84.14,152.847644,0.17,0.17,37.4,235.46,198.06,46.38,196.16,90.3466686622054,8.86875,5,0
65,125,417640.9667,1440931.595,417740.9667,1440831.595,19,5,19,19,0.17,1944.23,1944.06,5930.5,312.131579,84.31,555.763826,0.17,0.17,30.585,271.44,240.855,72.87,308.2,112.006760542949,7.72125,5,0
66,127,417740.9667,1442831.595,417840.9667,1442731.595,0,6,6,6,0.81,1574.68,1573.87,1754.12,292.353333,54.865,573.990549,0.81,0.81,6.45,62.45,56,94.7,400.54,94.2810339551895,10.024,0,0
67,128,417740.9667,1442731.595,417840.9667,1442631.595,1,6,28,28,0.81,1574.68,1573.87,4628.98,165.320714,65.39,295.537316,0.81,0.81,12.89,220.825,207.935,46.26,195.66,14.6749460735384,8.04,0,0
68,129,417740.9667,1442631.595,417840.9667,1442531.595,2,6,35,35,1.49,434.46,432.97,4460.38,127.439429,108.14,108.232614,1.49,1.49,32.04,183.055,151.015,44.58,188.55,72.7159404456527,7.15875,1,0
69,130,417740.9667,1442531.595,417840.9667,1442431.595,3,6,41,41,0,361.88,361.88,5205.54,126.96439,103.03,101.043205,0,0,43.38,203.85,160.47,52.02,220.02,44.6878671619335,7,1,0
70,131,417740.9667,1442431.595,417840.9667,1442331.595,4,6,29,29,0.36,438.89,438.53,4060.07,140.002414,96.45,116.29894,0.36,0.36,55.69,204.6,148.91,40.58,171.63,86.5436045307407,14.806667,1,0
71,132,417740.9667,1442331.595,417840.9667,1442231.595,5,6,37,37,0.01,1021.66,1021.65,5831.17,157.599189,121.88,178.020305,0.01,0.01,78.1,183.14,105.04,58.27,246.45,84.8241053352254,16.397143,2,0
72,133,417740.9667,1442231.595,417840.9667,1442131.595,6,6,33,33,0.01,1021.66,1021.65,7113.93,215.573636,156.6,211.67738,0.01,0.01,93.23,258.33,165.1,71.09,300.68,21.6467195843728,5.55,0,0
73,134,417740.9667,1442131.595,417840.9667,1442031.595,7,6,7,7,16.95,639.65,622.7,2026.67,289.524286,209.85,226.668872,16.95,16.95,158.94,421.17,262.23,63.19,267.26,74.6439820702033,14.66,0,0
74,138,417740.9667,1441731.595,417840.9667,1441631.595,11,6,12,12,3.27,282.15,278.88,1211.7,100.975,53.495,94.178114,3.27,3.27,21.155,201.99,180.835,19.97,84.46,0,,0,0
75,139,417740.9667,1441631.595,417840.9667,1441531.595,12,6,57,57,0.33,389.54,389.21,6763.91,118.665088,108.65,92.861595,0.33,0.33,41.12,188.71,147.59,67.6,285.92,26.9906977416195,5.09,0,0
76,140,417740.9667,1441531.595,417840.9667,1441431.595,13,6,49,48,1.05,376.14,375.09,6075.61,123.992041,108.65,101.076188,1.05,149.35,41.12,184.79,143.67,60.72,256.82,56.8735296027241,6.065,0,0
77,141,417740.9667,1441431.595,417840.9667,1441331.595,14,6,46,46,0.17,499.94,499.77,6286.36,136.66,110.465,120.299616,0.17,0.17,42.53,194.02,151.49,62.82,265.7,27.3375985247927,5.27,0,0
78,142,417740.9667,1441331.595,417840.9667,1441231.595,15,6,40,40,0.72,472.9,472.18,5817.75,145.44375,128,120.490802,0.72,0.72,35.465,220.285,184.82,58.14,245.9,24.8527639592067,5.7,0,0
79,143,417740.9667,1441231.595,417840.9667,1441131.595,16,6,49,49,0.45,487.55,487.1,5920.84,120.833469,90.49,118.692247,0.45,0.45,28.15,166.7,138.55,59.17,250.26,24.5548995363723,14.37,0,0
80,144,417740.9667,1441131.595,417840.9667,1441031.595,17,6,24,24,0.66,534.15,533.49,4049.78,168.740833,164.05,125.133317,0.66,0.66,76.955,222.02,145.065,40.47,171.17,88.0701716891212,8.823125,6,0
81,145,417740.9667,1441031.595,417840.9667,1440931.595,18,6,32,32,4.05,324.46,320.41,4178.29,130.571563,99.03,95.78895,4.05,4.05,50.375,220.925,170.55,42.06,177.89,98.7632478415242,7.113,10,0
82,146,417740.9667,1440931.595,417840.9667,1440831.595,19,6,12,12,4.05,376.27,372.22,1518.33,126.5275,91.33,105.309068,4.05,4.05,33.77,189.355,155.585,59.56,251.91,312.200335407472,3.848,3,0
83,148,417840.9667,1442831.595,417940.9667,1442731.595,0,7,0,0,,,,,,,,,,,,,,0,532.751529838695,14.65,0,0
84,149,417840.9667,1442731.595,417940.9667,1442631.595,1,7,17,17,6.66,1574.68,1568.02,3861.25,227.132353,113.8,362.088432,6.66,6.66,63.46,237.95,174.49,41.68,176.29,0,,0,0
85,150,417840.9667,1442631.595,417940.9667,1442531.595,2,7,24,24,2.66,539.95,537.29,4978.46,207.435833,155.915,169.400355,2.66,2.66,61.815,375.975,314.16,49.75,210.42,46.3806088234934,7.013333,2,0
86,151,417840.9667,1442531.595,417940.9667,1442431.595,3,7,20,20,0.09,1472.06,1471.97,4300.89,215.0445,123.715,330.455834,0.09,0.09,54.055,195.125,141.07,42.98,181.78,48.9000004846602,6.865,0,0
87,152,417840.9667,1442431.595,417940.9667,1442331.595,4,7,16,16,7.16,1472.06,1464.9,6024.74,376.54625,271.645,353.197346,7.16,7.16,148.355,489.87,341.515,60.21,254.66,69.9828643652253,14.344444,5,0
88,153,417840.9667,1442331.595,417940.9667,1442231.595,5,7,37,37,0.25,826.48,826.23,5915.03,159.865676,84.65,198.994499,0.25,0.25,48.75,160.5,111.75,59.11,250.01,21.9786536948948,5.55,0,0
89,154,417840.9667,1442231.595,417940.9667,1442131.595,6,7,33,33,1.44,1407.61,1406.17,6357.04,192.637576,108.93,280.672507,1.44,1.44,56.51,194.18,137.67,63.53,268.7,13.809590107258,5.55,0,0
90,155,417840.9667,1442131.595,417940.9667,1442031.595,7,7,6,6,56.51,1407.61,1351.1,2875.7,479.283333,212.395,506.544682,56.51,56.51,71.53,915.26,843.73,59.78,252.84,64.4583646982926,12.8825,1,0
91,159,417840.9667,1441731.595,417940.9667,1441631.595,11,7,0,0,,,,,,,,,,,,,,0,0,,0,1
92,160,417840.9667,1441631.595,417940.9667,1441531.595,12,7,37,37,2.35,538.92,536.57,5753.59,155.502432,122.48,134.352277,2.35,2.35,48.16,173.66,125.5,57.5,243.2,40.5824444743667,5.21,1,0
93,161,417840.9667,1441531.595,417940.9667,1441431.595,13,7,33,33,6.08,1302.84,1296.76,6312.5,191.287879,122.48,272.621369,6.08,6.08,25.81,205.92,180.11,63.09,266.84,69.8240302963089,8.415833,2,0
94,162,417840.9667,1441431.595,417940.9667,1441331.595,14,7,33,33,0.35,737.61,737.26,5490.47,166.377879,125.89,164.063048,0.35,0.35,77.72,192.04,114.32,54.87,232.07,52.5425748173008,9.77,2,0
95,163,417840.9667,1441331.595,417940.9667,1441231.595,15,7,29,29,0.14,528.5,528.36,4667.11,160.934828,141.44,131.378529,0.14,0.14,60.4,211,150.6,46.64,197.26,57.8681319744449,10.658571,2,0
96,164,417840.9667,1441231.595,417940.9667,1441131.595,16,7,41,41,0.1,629.45,629.35,5109.23,124.615366,90.49,133.389607,0.1,0.1,28.15,158.52,130.37,51.06,215.96,89.0793909058766,8.143333,4,0
97,165,417840.9667,1441131.595,417940.9667,1441031.595,17,7,28,28,0.1,585.07,584.97,4582.18,163.649286,147.43,153.849306,0.1,0.1,29.785,256.045,226.26,59.15,250.18,119.643659062352,6.474667,2,0
98,166,417840.9667,1441031.595,417940.9667,1440931.595,18,7,15,15,0.52,300.14,299.62,1566.51,104.434,68.91,100.056009,0.52,0.52,23.04,193.28,170.24,56.34,238.29,136.384327164158,3.76,1,0
99,170,417940.9667,1442731.595,418040.9667,1442631.595,1,8,13,13,19.71,189.18,169.47,1207.28,92.867692,73.29,49.132986,19.71,19.71,61.86,129.55,67.69,16.89,71.44,21.8447710490613,14.65,0,0
100,171,417940.9667,1442631.595,418040.9667,1442531.595,2,8,34,34,0.13,565.24,565.11,5629.05,165.560294,139.86,148.076656,0.13,0.13,59.28,272.52,213.24,56.25,237.91,39.0507563220992,7.31,0,0
101,172,417940.9667,1442531.595,418040.9667,1442431.595,3,8,23,23,0.54,766.81,766.27,4611.92,200.518261,148.04,202.071842,0.54,0.54,37.19,275.73,238.54,46.09,194.94,53.9726643099679,20.924,1,0
102,173,417940.9667,1442431.595,418040.9667,1442331.595,4,8,22,22,3.38,546.4,543.02,4901.85,222.811364,222.19,154.340288,3.38,3.38,143.26,324.28,181.02,48.99,207.2,85.5819921123148,13.72,0,0
103,174,417940.9667,1442331.595,418040.9667,1442231.595,5,8,40,40,5.19,568.05,562.86,5771.03,144.27575,139.105,122.859495,5.19,5.19,39.515,204.465,164.95,57.67,243.92,51.4536537324343,5.58,2,0
104,175,417940.9667,1442231.595,418040.9667,1442131.595,6,8,48,48,0.1,1407.61,1407.51,7482.64,155.888333,95.525,217.858605,0.1,0.1,36.65,195.945,159.295,74.78,316.28,31.0168962509445,5.61,1,0
105,176,417940.9667,1442131.595,418040.9667,1442031.595,7,8,19,19,0.1,537.28,537.18,3734.57,196.556316,182.99,150.515523,0.1,0.1,61.67,301.205,239.535,58.33,246.71,47.351972168914,14.66,0,0
106,179,417940.9667,1441831.595,418040.9667,1441731.595,10,8,0,0,,,,,,,,,,,,,,0,607.947591816723,16.34,0,0
107,180,417940.9667,1441731.595,418040.9667,1441631.595,11,8,6,6,25.64,614.42,588.78,1401.95,233.658333,177.565,196.267805,25.64,25.64,72.96,333.8,260.84,25,105.74,102.200717527883,19.35,4,1
108,181,417940.9667,1441631.595,418040.9667,1441531.595,12,8,28,28,0.08,748.25,748.17,6172.46,220.445,157.71,202.30628,0.08,0.08,64.32,307.72,243.4,61.69,260.92,32.4624304185394,10.91,0,0
109,182,417940.9667,1441531.595,418040.9667,1441431.595,13,8,27,27,0.08,1302.84,1302.76,7208.47,266.98037,168.09,310.038592,0.08,0.08,51.53,370.875,319.345,72.04,304.69,45.6543471617952,9.67625,1,0
110,183,417940.9667,1441431.595,418040.9667,1441331.595,14,8,30,30,14.89,1302.84,1287.95,7451.18,248.372667,219.43,254.92366,14.89,14.89,89.66,287.48,197.82,74.46,314.93,12.3210077199327,7.42,0,0
111,184,417940.9667,1441331.595,418040.9667,1441231.595,15,8,37,37,0.04,1238.68,1238.64,6500.48,175.688649,65.47,258.814956,0.04,0.04,13.85,218.84,204.99,64.96,274.75,52.1770778538483,6.281429,3,0
112,185,417940.9667,1441231.595,418040.9667,1441131.595,16,8,37,37,0.04,495.68,495.64,5253.48,141.985946,103.3,128.567251,0.04,0.04,34.08,209.81,175.73,53.79,227.51,68.552326653857,4.672857,4,0
113,186,417940.9667,1441131.595,418040.9667,1441031.595,17,8,10,10,4.16,311.2,307.04,1109.42,110.942,87.47,99.288608,4.16,4.16,19.59,186.44,166.85,92.32,390.47,276.141322467731,3.79,0,0
114,191,418040.9667,1442731.595,418140.9667,1442631.595,1,9,2,2,352.25,608.17,255.92,960.42,480.21,480.21,127.96,352.25,352.25,352.25,608.17,255.92,20.23,85.56,36.8995212794995,10.94,0,0
115,192,418040.9667,1442631.595,418140.9667,1442531.595,2,9,18,18,0.13,608.17,608.04,4651.7,258.427778,277.65,137.094502,0.13,0.13,174.71,319.21,144.5,46.49,196.63,64.0773269736298,18.655,0,0
116,193,418040.9667,1442531.595,418140.9667,1442431.595,3,9,24,24,0.84,463.24,462.4,4172.89,173.870417,157.98,142.787381,0.84,0.84,44.565,287.495,242.93,41.7,176.37,52.0150528413089,21.59,0,0
117,194,418040.9667,1442431.595,418140.9667,1442331.595,4,9,29,29,3.38,703.16,699.78,5893.62,203.228276,181.32,156.102914,3.38,3.38,84.46,271.71,187.25,58.9,249.12,10.6445760998426,5.19,0,0
118,195,418040.9667,1442331.595,418140.9667,1442231.595,5,9,26,26,8.17,798.71,790.54,4782.65,183.948077,137.69,193.186672,8.17,8.17,77.84,215.32,137.48,47.8,202.17,20.3731739177746,16.34,0,0
119,196,418040.9667,1442231.595,418140.9667,1442131.595,6,9,25,25,0.1,3144.33,3144.23,6821.53,272.8612,97.34,612.171814,0.1,0.1,42.42,220.37,177.95,68.17,288.33,26.6201925484857,16.34,0,1
120,197,418040.9667,1442131.595,418140.9667,1442031.595,7,9,16,16,0.1,1063.18,1063.08,3779.45,236.215625,125.925,313.33039,0.1,0.1,3.87,337.7,333.83,42.34,179.08,68.1592655496703,15.5,0,0
121,198,418040.9667,1442031.595,418140.9667,1441931.595,8,9,18,18,0.79,1203.89,1203.1,4212.8,234.044444,120.775,288.543633,0.79,0.79,73.44,284.57,211.13,65.16,275.6,47.1240246748607,16.34,0,0
122,199,418040.9667,1441931.595,418140.9667,1441831.595,9,9,11,11,48.06,2051.98,2003.92,5521.43,501.948182,258.37,567.634601,48.06,48.06,192.56,513.47,320.91,68.04,287.78,34.5243216476976,13.7375,1,0
123,200,418040.9667,1441831.595,418140.9667,1441731.595,10,9,13,13,37.51,1270.07,1232.56,5738.8,441.446154,252.27,429.393585,37.51,37.51,122.84,493.8,370.96,63.36,267.98,37.7126378019003,12.568,0,0
124,201,418040.9667,1441731.595,418140.9667,1441631.595,11,9,20,20,18.22,1270.07,1251.85,5693.72,284.686,121.095,350.574749,18.22,18.22,59.84,403.425,343.585,56.9,240.66,52.7699381127995,23.696,1,0
125,202,418040.9667,1441631.595,418140.9667,1441531.595,12,9,32,32,0.01,562.48,562.47,5425.86,169.558125,105.215,149.757979,0.01,0.01,55.095,266.715,211.62,54.22,229.32,59.2786123723078,4.82,2,0
126,203,418040.9667,1441531.595,418140.9667,1441431.595,13,9,31,31,4.18,500.7,496.52,4936.46,159.240645,134.91,117.735066,4.18,4.18,45.645,230.605,184.96,49.49,209.32,79.6481523807433,4.672857,7,0
127,204,418040.9667,1441431.595,418140.9667,1441331.595,14,9,20,20,14.89,314.93,300.04,3198.83,159.9415,170.835,91.664212,14.89,14.89,53.245,231.915,178.67,42.64,180.35,101.945870840494,5.71,3,0
128,205,418040.9667,1441331.595,418140.9667,1441231.595,15,9,28,28,0.96,328.1,327.14,2959.5,105.696429,96.43,93.440368,0.96,0.96,14.37,163.32,148.95,62.91,266.08,96.7454447403806,4.82,0,0
129,206,418040.9667,1441231.595,418140.9667,1441131.595,16,9,12,12,6.98,162.15,155.17,1055.64,87.97,109.7,52.039639,6.98,6.98,26.89,124.26,97.37,76.69,324.36,366.668405143557,3.79,0,0
130,212,418140.9667,1442731.595,418240.9667,1442631.595,1,10,0,0,,,,,,,,,,,,,,0,209.160026100703,14.26,0,0
131,213,418140.9667,1442631.595,418240.9667,1442531.595,2,10,9,9,0.02,1022.3,1022.28,2181.15,242.35,168.18,290.486186,0.02,0.02,89.34,233.44,144.1,25.24,106.75,64.5102879631618,17.681818,4,1
132,214,418140.9667,1442531.595,418240.9667,1442431.595,3,10,37,37,0.11,1022.3,1022.19,5980.78,161.642703,121.43,177.280275,0.11,0.11,48.36,221.43,173.07,59.77,252.8,77.292240123955,19.06,1,2
133,215,418140.9667,1442431.595,418240.9667,1442331.595,4,10,43,43,0.11,476.72,476.61,6085.5,141.523256,100.93,121.792369,0.11,0.11,57.195,195.53,138.335,60.82,257.24,51.9216075737541,10.343333,2,1
134,216,418140.9667,1442331.595,418240.9667,1442231.595,5,10,15,15,11.53,1468.26,1456.73,4053.33,270.222,197.79,347.582444,11.53,11.53,73.57,326.09,252.52,40.51,171.34,20.3154367044645,16.34,0,0
135,217,418140.9667,1442231.595,418240.9667,1442131.595,6,10,2,2,55.41,3144.33,3088.92,3199.74,1599.87,1599.87,1544.46,55.41,55.41,55.41,3144.33,3088.92,31.98,135.26,0,,0,0
136,218,418140.9667,1442131.595,418240.9667,1442031.595,7,10,10,10,0.79,1063.18,1062.39,3555.95,355.595,240.085,345.711399,0.79,0.79,108.92,507.67,398.75,35.54,150.32,35.5397784247531,11.028,1,0
137,219,418140.9667,1442031.595,418240.9667,1441931.595,8,10,36,36,0.79,546.5,545.71,6161.56,171.154444,118.565,142.074856,0.79,0.79,83.015,259.74,176.725,61.58,260.45,14.6069192102464,5.58,0,0
138,220,418140.9667,1441931.595,418240.9667,1441831.595,9,10,25,25,2.6,2051.98,2049.38,6423.02,256.9208,146.47,392.578964,2.6,2.6,72.51,302.71,230.2,64.19,271.49,31.7527990943245,6.684,0,0
139,221,418140.9667,1441831.595,418240.9667,1441731.595,10,10,19,19,19.74,1165.87,1146.13,5708.83,300.464737,152.52,306.640311,19.74,19.74,96.63,452.29,355.66,59.51,251.7,39.8630237313537,7.606667,1,0
140,222,418140.9667,1441731.595,418240.9667,1441631.595,11,10,15,15,0.12,1165.87,1165.75,4911.03,327.402,245.9,317.464593,0.12,0.12,70.37,458.955,388.585,49.08,207.58,59.2926308411635,16.354286,2,1
141,223,418140.9667,1441631.595,418240.9667,1441531.595,12,10,27,27,0.01,401.15,401.14,2274.45,84.238889,47.04,97.416181,0.01,0.01,26.295,91.83,65.535,33.05,139.79,103.492003581668,11.150909,1,0
142,224,418140.9667,1441531.595,418240.9667,1441431.595,13,10,4,4,71.57,328.89,257.32,790.33,197.5825,194.935,100.425133,71.57,71.57,103.24,291.925,188.685,52.43,221.75,244.568600502868,3.79,1,0
143,233,418240.9667,1442731.595,418340.9667,1442631.595,1,11,4,4,0.08,121.51,121.43,184.77,46.1925,31.59,45.618295,0.08,0.08,12.325,80.06,67.735,28.48,120.46,0,,0,0
144,234,418240.9667,1442631.595,418340.9667,1442531.595,2,11,20,20,0.02,845.44,845.42,5158.79,257.9395,144.845,267.04976,0.02,0.02,21.295,523.6,502.305,60.99,257.96,32.179812681663,2.905,0,0
145,235,418240.9667,1442531.595,418340.9667,1442431.595,3,11,28,28,2.37,633.94,631.57,6398.16,228.505714,130.025,208.843352,2.37,2.37,33.08,430.345,397.265,63.94,270.44,45.3692182165498,4.978,1,0
146,236,418240.9667,1442431.595,418340.9667,1442331.595,4,11,53,53,2.37,633.94,631.57,7460.94,140.772453,90.58,149.053405,2.37,2.37,38.13,178.77,140.64,74.56,315.35,57.0607492466297,4.191429,5,0
147,237,418240.9667,1442331.595,418340.9667,1442231.595,5,11,24,24,6.9,2841.61,2834.71,6937.44,289.06,75.9,610.014559,6.9,6.9,42.575,209.97,167.395,69.33,293.23,40.7437972357888,4.166,0,0
148,238,418240.9667,1442231.595,418340.9667,1442131.595,6,11,14,14,3.66,2841.61,2837.95,5845.49,417.535,79.995,775.241521,3.66,3.66,24.47,342.93,318.46,58.42,247.09,20.3629324128268,3.81,0,0
149,239,418240.9667,1442131.595,418340.9667,1442031.595,7,11,19,19,0.74,1272.19,1271.45,3310.03,174.212105,73.67,298.3144,0.74,0.74,26.99,127.145,100.155,33.08,139.91,37.5763181784618,9.235,0,0
150,240,418240.9667,1442031.595,418340.9667,1441931.595,8,11,33,32,0.74,481.82,481.08,4009.85,121.510606,117.63,95.934397,0.74,142.36,53.07,137.8,84.73,40.07,169.48,80.4375403867726,8.009,3,0
151,241,418240.9667,1441931.595,418340.9667,1441831.595,9,11,54,54,4.83,319.95,315.12,5562.57,103.010556,82.765,71.546579,4.83,4.83,54.7,138.74,84.04,55.59,235.12,75.041506739732,5.78,4,0
152,242,418240.9667,1441831.595,418340.9667,1441731.595,10,11,24,24,2.72,803.14,800.42,4272.98,178.040833,170.085,160.406383,2.72,2.72,75.43,241.63,166.2,42.7,180.6,68.6383653305008,4.55,4,0
153,243,418240.9667,1441731.595,418340.9667,1441631.595,11,11,18,18,2.42,803.14,800.72,4393.32,244.073333,224.51,206.743668,2.42,2.42,44.2,331.3,287.1,43.92,185.76,49.1360498294782,4.55,3,0
154,244,418240.9667,1441631.595,418340.9667,1441531.595,12,11,2,2,221.32,227.7,6.38,449.02,224.51,224.51,3.19,221.32,221.32,221.32,227.7,6.38,12.36,52.28,153.428911230655,11.015714,3,0
155,254,418340.9667,1442731.595,418440.9667,1442631.595,1,12,9,9,0.08,845.44,845.36,1745.45,193.938889,121.51,244.681944,0.08,0.08,38.61,185.21,146.6,25.34,107.18,18.3083791150097,4.72,0,0
156,255,418340.9667,1442631.595,418440.9667,1442531.595,2,12,8,8,0.08,1442.57,1442.49,3078.43,384.80375,138.875,481.459367,0.08,0.08,31.59,647.425,615.835,30.76,130.1,29.8480019438265,2.08,1,0
157,256,418340.9667,1442531.595,418440.9667,1442431.595,3,12,12,12,1.37,1442.57,1441.2,5855.21,487.934167,448.415,375.675946,1.37,1.37,224.385,643.125,418.74,58.51,247.47,16.7601055747436,2.2,0,0
158,257,418340.9667,1442431.595,418440.9667,1442331.595,4,12,19,19,1.37,1442.57,1441.2,5015.65,263.981579,168.73,340.840634,1.37,1.37,49.2,356.15,306.95,50.12,211.98,60.6415239820633,3.373333,3,0
159,258,418340.9667,1442331.595,418440.9667,1442231.595,5,12,14,14,33.99,393.23,359.24,2511.42,179.387143,133.94,113.736261,33.99,33.99,101.09,222.15,121.06,25.1,106.16,56.5658782710364,3.96,1,1
160,259,418340.9667,1442231.595,418440.9667,1442131.595,6,12,21,21,3.66,741.37,737.71,2824.87,134.517619,66.53,168.567184,3.66,3.66,28.29,146.27,117.98,28.42,120.2,52.078087351804,3.96,0,1
161,260,418340.9667,1442131.595,418440.9667,1442031.595,7,12,30,30,1.78,535.93,534.15,2971.84,99.061333,63.29,121.258994,1.78,1.78,28.29,108.15,79.86,35.09,148.41,26.3785809381607,4.11,0,0
162,261,418340.9667,1442031.595,418440.9667,1441931.595,8,12,15,15,1.78,779.43,777.65,2003.9,133.593333,51.73,214.763929,1.78,1.78,17.065,121.61,104.545,30.6,129.42,56.7872505893385,7.773333,2,2
163,262,418340.9667,1441931.595,418440.9667,1441831.595,9,12,18,18,4.83,158.11,153.28,1491.19,82.843889,87.61,49.956269,4.83,4.83,41.12,118.63,77.51,32.48,137.37,49.4145430192891,4.55,0,1
164,263,418340.9667,1441831.595,418440.9667,1441731.595,10,12,0,0,,,,,,,,,,,,,,0,0,,0,1
165,264,418340.9667,1441731.595,418440.9667,1441631.595,11,12,0,0,,,,,,,,,,,,,,0,0,,0,0
166,275,418440.9667,1442731.595,418540.9667,1442631.595,1,13,0,0,,,,,,,,,,,,,,0,2.4332792945783,7.44,0,0
167,276,418440.9667,1442631.595,418540.9667,1442531.595,2,13,0,0,,,,,,,,,,,,,,0,0,,0,0
168,277,418440.9667,1442531.595,418540.9667,1442431.595,3,13,0,0,,,,,,,,,,,,,,0,3.01512991166561,30.72,0,0
169,278,418440.9667,1442431.595,418540.9667,1442331.595,4,13,0,0,,,,,,,,,,,,,,0,0,,0,0
170,279,418440.9667,1442331.595,418540.9667,1442231.595,5,13,0,0,,,,,,,,,,,,,,0,0,,0,0
171,280,418440.9667,1442231.595,418540.9667,1442131.595,6,13,0,0,,,,,,,,,,,,,,0,0,,0,0
172,296,418540.9667,1442731.595,418640.9667,1442631.595,1,14,0,0,,,,,,,,,,,,,,0,0,,0,1
173,297,418540.9667,1442631.595,418640.9667,1442531.595,2,14,0,0,,,,,,,,,,,,,,0,0,,0,0
174,298,418540.9667,1442531.595,418640.9667,1442431.595,3,14,0,0,,,,,,,,,,,,,,0,0,,0,0
175,317,418640.9667,1442731.595,418740.9667,1442631.595,1,15,0,0,,,,,,,,,,,,,,0,0,,0,0
176,,,,,,,,,,,,,,,,,,,,,,,,,,,
